,pred_err,pred_err,pred_err,pred_err,pred_err,pred_err,pred_err,pred_err,pred_err
barcode,l1Sp,l2Sp,l3Sp,l4Sp,l5Sp,l6Sp,l7Sp,l8Sp,l9Sp
count,835.0,835.0,1002.0,1002.0,1002.0,1169.0,1169.0,1169.0,1169.0
mean,-0.07668776876940495,-1.0817187387896186,-0.009557723200503009,2.0136632082176242,0.41024017484204944,-0.07177009427992423,-0.4165464839807188,-0.7504716591233044,-0.41038578268341763
std,1.0582420689579146,1.2731491709229998,1.1067747633451652,1.8514265419793454,1.2446815621569778,0.921846867580198,0.9264781348206893,1.0703197324250517,0.8493665699344582
min,-3.3641218439238685,-8.037146641006245,-3.973423877843608,-2.4648406099046554,-3.816353740322757,-4.465157333245706,-5.283651316068028,-6.132085557987285,-4.618186588257883
25%,-0.7335368316356954,-1.7659167299166914,-0.5628400954041718,0.28280831570162523,-0.15363330141786286,-0.49309851299332763,-0.8318097954253894,-1.2104051142106869,-0.8413714024866863
50%,-0.12813324173851726,-0.9242935186737231,0.0038256507819673935,1.879032199207717,0.24712120844429286,-0.09957395267631874,-0.24931981795185698,-0.5053743211688442,-0.2437755581218255
75%,0.5311653166816122,-0.044396477905744636,0.4373296685657097,3.2645965936979526,1.0140404572137243,0.3322866591365141,0.05428625023532607,-0.10702865753091106,0.008191465425568367
max,4.657648647268161,1.8589765054368996,6.048532115507825,9.619941026379834,7.418748330489521,5.362750043607221,5.193341907934723,4.885050953838714,4.3594275209757
