,pred_err,pred_err,pred_err,pred_err,pred_err,pred_err,pred_err,pred_err,pred_err
barcode,l1Sp,l2Sp,l3Sp,l4Sp,l5Sp,l6Sp,l7Sp,l8Sp,l9Sp
count,875.0,875.0,1050.0,1050.0,1050.0,1050.0,1050.0,1050.0,1050.0
mean,-0.11643855899996652,-1.0953949044422293,-0.04230097428179216,1.9799609876524153,0.4283145290551091,-0.05708302369567343,-0.48553502964048023,-0.8630473521302088,-0.48508534022144173
std,0.9369411130143029,1.1724881215376077,1.0022709430549688,1.8421185365066524,1.2047395356615995,0.9280236850104373,0.8836133527709585,1.0356015869649853,0.8082713056449972
min,-3.486406089760962,-7.139779969659777,-3.5384469904089144,-1.7888135837324022,-3.7716101911160536,-5.992107520091567,-4.122218194490273,-5.810677710011703,-4.59976589619437
25%,-0.7193942083617402,-1.7227058813348304,-0.523105157927203,0.2434691563331528,-0.17590742436514617,-0.5702365773572433,-0.9286653179225728,-1.2945430374669291,-0.922841794440691
50%,-0.16170724535888326,-0.9452804614375179,-0.04281272676722381,1.9288921036014575,0.23640107474571437,-0.052776244361963265,-0.428444506943789,-0.7306231419747213,-0.4061013043692938
75%,0.4112030909237916,-0.2024658154673773,0.4040991222166239,3.175150666096422,1.02432858122493,0.3896962927131813,-0.019415113281871704,-0.15834718884972981,-0.03801700513455186
max,4.134092427358063,1.561615589564525,6.028594902333936,9.318542970372675,7.908895450951633,4.654389879587839,5.720220148948982,4.202614926906207,4.643746517771632
