,pred_err,pred_err,pred_err,pred_err,pred_err,pred_err,pred_err,pred_err,pred_err
barcode,l1Sp,l2Sp,l3Sp,l4Sp,l5Sp,l6Sp,l7Sp,l8Sp,l9Sp
count,875.0,875.0,1050.0,1050.0,1050.0,1225.0,1225.0,1225.0,1225.0
mean,-0.10082088944055176,-1.0646224852262212,-0.029509461074365903,1.997621895057789,0.43510223351331423,-0.06277864648650258,-0.40270528739624734,-0.7423146952721994,-0.418554980401102
std,0.9302993342559551,1.1992121991500466,1.0048008293493083,1.8128031576072507,1.1973812791832223,0.8576793928974351,0.8374659620806784,0.9966977578369713,0.7580279727927792
min,-3.51416732370258,-7.149427852678244,-3.555200074259801,-1.769342827215585,-3.791742418537787,-5.909125224752769,-4.161173273252913,-5.8284375895823075,-4.591486189788839
25%,-0.6810132940450435,-1.715874097138503,-0.5327166248377848,0.28384995062455204,-0.12208151020518351,-0.45704346686874686,-0.7870663738812667,-1.1329198122329132,-0.7920829520571715
50%,-0.13665741549236543,-0.9159581796214704,0.011462366589558848,1.9334843156881196,0.23819435527455823,-0.09935099340656917,-0.26460805569298085,-0.5156206184932124,-0.2749197352452626
75%,0.42049687167875227,-0.1700974544324776,0.41423036354218024,3.1708786820161183,1.0124076400597737,0.3284062469483189,0.03207069407108987,-0.11549271384689973,-0.009665566414824855
max,4.1968293526490115,1.5443180005073813,6.016373992889328,9.306322060928068,7.892728173930877,4.642168970143231,5.7144130775577935,4.1864476498854515,4.637939446380443
