,pred_err,pred_err,pred_err,pred_err,pred_err,pred_err,pred_err,pred_err,pred_err
barcode,l1Sp,l2Sp,l3Sp,l4Sp,l5Sp,l6Sp,l7Sp,l8Sp,l9Sp
count,810.0,810.0,972.0,972.0,972.0,1134.0,1134.0,1134.0,1134.0
mean,-0.0783273996708291,-1.1121680507319587,-0.0008083138372114499,2.0155716957660825,0.39637866005181654,-0.05823053935804033,-0.3954596115953564,-0.7336738566308931,-0.4277048669885435
std,1.056897185558858,1.299495214604086,1.1269820801143502,1.8524225574066389,1.282217678366696,0.9649622557007015,0.9489927441647451,1.058004072847824,0.8762017789657712
min,-4.18557646637289,-7.8586133101336415,-4.059714737623921,-3.4403481012890182,-5.105178523330281,-3.7432429094859287,-4.806568787675637,-6.561728745686466,-5.37696709891231
25%,-0.7288087724403023,-1.7951797078387584,-0.5985454703671351,0.29955721805649027,-0.16182096456006792,-0.5205976277266924,-0.8304507207127898,-1.200654779636766,-0.8377416807536466
50%,-0.10483721765300658,-0.9617408006329455,0.010341480521575172,1.9542499561364934,0.2146812821704387,-0.10718066033480333,-0.20145439821626443,-0.4954021085195834,-0.27275227207083663
75%,0.4563770408184311,-0.07911295963872789,0.4751407322332808,3.2168491143994444,0.9978907348822581,0.3718327931996299,0.0781917235826984,-0.10631713678335408,0.004651303263363715
max,4.829912761656196,1.7086066380383826,6.785022206129639,8.819204391777916,8.110899373027507,4.902040106461229,5.222388672763103,4.4607241941230455,5.477342617329867
