tRNA_annotation,tRNA_annotation_len,codon,amino_acid,mito_codon,NA0,NB0,hlA,hlB,Ninf,two_fit_residual
Homo_sapiens_mito_tRNA-Met-CAT,71,AUG,Met,True,57.38116222334537,35.741834200912514,2984.9149150991093,360.35312553572135,1.232187402127906,1.5888945651012605
Homo_sapiens_tRNA-SeC-TCA-1-1,90,UGA,SeC,False,79.37768607257551,10.655064630693003,418.9446673914349,20.557083877849198,2.322712639464925,0.5533172135860968
