tRNA_annotation,tRNA_annotation_len,codon,amino_acid,mito_codon,NA0,NB0,hlA,hlB,Ninf,two_fit_residual
Homo_sapiens_mito_tRNA-Met-CAT,71,AUG,Met,True,42.35102257338108,48.316634899711616,4955.903045045991,453.4429061223219,3.498452770760577,0.5873709431380056
Homo_sapiens_tRNA-SeC-TCA-1-1,90,UGA,SeC,False,80.15414735034256,9.812014982511675,408.5726561612531,14.297685547797917,2.5963600451655307,1.0355821264382281
