tRNA_annotation,tRNA_annotation_len,codon,amino_acid,mito_codon,NA0,NB0,hlA,hlB,Ninf,two_fit_residual
Homo_sapiens_mito_tRNA-Met-CAT,71,AUG,Met,True,53.245468153836605,40.54629918152003,3585.8476358321022,387.3031197772864,0.5862814136547823,0.8946553693525667
Homo_sapiens_tRNA-SeC-TCA-1-1,90,UGA,SeC,False,80.16213327279772,10.265726344133963,416.99306216929017,17.0973858673046,2.1243427146511724,1.2605127048712186
