tRNA_annotation,tRNA_annotation_len,codon,amino_acid,mito_codon,NA0,NB0,hlA,hlB,Ninf,two_fit_residual
Homo_sapiens_mito_tRNA-Met-CAT,71,AUG,Met,True,53.245468153836605,40.54629918152003,3585.8476358321022,387.3031197772864,0.5862814136547823,0.8946553693525667
Homo_sapiens_tRNA-SeC-TCA-1-1,90,UGA,SeC,False,80.16214811161062,10.265696868220877,416.9924552272006,17.097254001084654,2.124366309890208,1.2605127041438264
